"pred.var","coef"
"cg09069072",-0.7303247
"cg21913886",-0.5236836
"cg23574443",-2.4246202
"cg00835193",1.8297079
