"pred.var","coef"
"cg25189904",-0.3902903
"cg06644428",-2.6898697
"cg05951221",-10.4744002
"cg23916896",-2.4580291
"cg05575921",-3.8041081
"cg06126421",-3.7833671
"cg01692968",-3.9361642
"cg11660018",3.4763728
"cg03636183",-3.842055
