pred.var,coef
intercept,62.22538999397697
age,-0.036015320285787
female,-5.948583641000988
bmi,0.5985365324121088
cg14179401,-0.5279884823974469
cg05632420,1.35160806021347
cg03393444,-0.3746839870871069
cg13696706,1.7154418543730747
