"pred.var","coef"
"intercept",6.22207039323935
"cg02945674",3.6886387635091e-05
"cg24643105",1.16103265749117e-05
