"pred.var","coef"
"intercept",-0.000783960612718982
"cg06825310",0.00400778730223647
"cg06032337",-0.00399632987666318
