"pred.var","coef"
"intercept",-0.000778298443561668
"cg11786587",4.40909168206966e-05
"cg01128042",0.000748005616165086
"cg02464073",0.000388214811728918
