"pred.var","coef"
"intercept",0.990938278759123
"cg26846609",0.00312359476375486
"cg11738485",-0.000974429778909616
