"pred.var","coef"
"intercept",-0.0100945361528642
"cg18025438",-0.00212301314171031
"cg21046080",0.0270746927476675
