"pred.var","coef"
"intercept",-5.77847365201432e-05
"cg11982081",-1.03228170189544e-05
"cg00295418",0.000119001853306812
"cg01104393",-6.78616304287033e-06
