"pred.var","coef"
"intercept",-0.000211900656985108
"cg08394893",0.000139580646930062
"cg08407901",0.000488429150837401
