"pred.var","coef"
"intercept",3.48368680523216
"cg09829645",0.000551238353492426
"cg26077133",-0.000106905296142998
