"pred.var","coef"
"intercept",-0.0733821997261365
"cg12012426",0.103356746372426
"cg14114910",-0.00392980781264311
"cg10240950",0.00631847171280341
