"pred.var","coef"
"intercept",0.0711410964652547
"cg11956442",0.00231168690704605
"cg02890235",-0.00200550295344453
