"pred.var","coef"
"intercept",7.58517890759196e-07
"cg06002687",1.52547701192933e-06
"cg01008088",-4.89036861600769e-06
"cg27056740",2.91418277357233e-06
