"pred.var","coef"
"intercept",0.00269265475046373
"cg18146226",-0.00110248056203631
"cg04425994",-0.00294304165435429
