"pred.var","coef"
"intercept",2.76959740537624
"cg01105403",-0.000810497257563755
"cg23019589",1.96685233106454e-05
"cg01891583",-0.00707240104415627
