"pred.var","coef"
"intercept",0.000290532390982214
"cg11848150",3.17617930515926e-05
"cg08146708",-0.000568213649428684
