"pred.var","coef"
"intercept",-0.00098753941621896
"cg16060930",0.000111210183714545
"cg12012426",0.000659237537789852
"cg26128129",3.30534788203173e-05
"cg13972557",0.000418711481731272
"cg25013753",-0.000121556450164398
"cg27308738",0.000726004100705525
"cg05528899",-0.000237320642939736
