"pred.var","coef"
"intercept",0.00822147068111032
"cg01296877",-0.00077343117108757
"cg22710716",0.0010422723278986
"cg25013753",0.000479622523497913
"cg25674027",-0.0130253170136616
"cg23489384",-0.00321991170413245
