"pred.var","coef"
"intercept",1.92413800533828e-05
"cg25203245",-8.63712528638256e-06
"cg23489384",-2.969739706562e-06
"cg08049519",-4.47995472533798e-05
