"pred.var","coef"
"intercept",9.58435700137744
"cg27086157",0.0056195702227454
"cg16702660",0.000202689370221335
