"pred.var","coef"
"intercept",-1.24385629400113e-05
"cg15828613",-0.000159684686134818
"cg17393140",0.000191690831642613
