"pred.var","coef"
"intercept",1.38785691365163e-05
"cg18624102",-1.16263918818796e-05
"cg23549329",-1.41296513135293e-05
"cg04145681",1.27469093430303e-05
"cg03327352",-1.3754184637271e-05
