"pred.var","coef"
"intercept",-5.09713287694006e-05
"cg14755254",2.6717980999183e-05
"cg18714913",7.32639789458634e-05
