"pred.var","coef"
"intercept",-1.24385629400113e-05
"cg15828613",-0.000159684686134818
"cg17393140",0.000191690831642613
"intercept",-5.09713287694006e-05
"cg14755254",2.6717980999183e-05
"cg18714913",7.32639789458634e-05
