"pred.var","coef"
"intercept",-0.0029397812176135
"cg20381372",-0.00181611677579581
"cg10507965",0.0108987338858729
