"pred.var","coef"
"intercept",0.0264000958997155
"cg25674027",-0.00419071392748316
"cg04875706",-0.0364474485291586
