"pred.var","coef"
"intercept",7.11970994293897
"cg03084184",1.14543277854537e-05
"cg16464924",0.00017493375713788
