"pred.var","coef"
"intercept",2.39936908930444
"cg17530337",-0.00977469732624639
"cg05977333",-0.00615441234107937
