"pred.var","coef"
"intercept",0.0121942329005011
"cg19236675",0.00784436099211347
"cg24836826",-0.0226033691098642
