"pred.var","coef"
"intercept",-0.010554861652874
"cg24398793",-0.00903097591643619
"cg27024127",-0.000754089253865901
"cg23098789",0.024739499910396
