"pred.var","coef"
"intercept",11.5289590868573
"cg05509228",2.59313484586955e-06
"cg15083522",-0.000100227342327987
