"pred.var","coef"
"intercept",0.0806524192548804
"cg23919742",-0.0198630409001043
"cg00051154",0.0199387865265568
"cg13653328",-0.00112247475495872
"cg07056794",-0.00991338956293078
"cg21242448",0.00423795358239171
"cg21587006",-0.13192555294437
