"pred.var","coef"
"intercept",8.10886636157433
"cg05593887",4.12160291204572e-05
"cg22251955",2.24259895982712e-05
"cg25247689",-2.41647027719618e-05
"cg03407524",2.75101643212901e-05
