"pred.var","coef"
"intercept",2.7514595296916e-05
"cg22535849",-3.11091724324998e-05
"cg05918715",-1.13321694101674e-05
