"pred.var","coef"
"intercept",0.0114118524628148
"cg13910785",-0.00292472587678378
"cg15066135",-0.0173105872962567
