"pred.var","coef"
"intercept",0.00216806363083203
"cg13910785",-0.00636511273837057
"cg25174111",-9.22917244817235e-05
"intercept",0.0114118524628148
"cg13910785",-0.00292472587678378
"cg15066135",-0.0173105872962567
