"pred.var","coef"
"intercept",-7.65779625522789e-05
"cg24846009",1.88341573631918e-05
"cg22305850",8.84445690679156e-05
"cg12012426",1.95040559364216e-05
