"pred.var","coef"
"intercept",6.48657830961329
"cg11956442",-0.00790800692189557
"cg22251955",0.0406049227845714
