"pred.var","coef"
"intercept",1.42849243754114e-05
"cg02901522",8.98215564344786e-07
"cg15083522",6.00906122909203e-07
"cg15360451",2.00511400973981e-05
"cg19393008",-6.11718842837094e-05
