"pred.var","coef"
"intercept",6.67667461245507
"cg03643559",-0.0210345229279272
"cg08103988",0.0557009925980729
