"pred.var","coef"
"intercept",0.00386401944599774
"cg15066135",-0.00787678421916718
"cg12342501",0.00147856071468911
