"pred.var","coef"
"intercept",6.71829226550683
"cg12479705",-8.80794066564241e-06
"cg01156747",0.00012753159115714
