"pred.var","coef"
"intercept",0.00665725026509406
"cg25134647",-0.00531588032592086
"cg14129832",0.000283612944514055
"cg08146708",-0.00815293618836006
