"pred.var","coef"
"intercept",11.7097892938529
"cg10818676",0.00208677567983755
"cg21294301",0.00119320724314682
"cg05509228",0.0119009023559694
"cg02945674",1.71851515660681e-05
