"pred.var","coef"
"intercept",-0.000219915250600708
"cg03119308",2.6068442468903e-05
"cg14651435",0.000363684812559352
