"pred.var","coef"
"intercept",4.99019120125981e-05
"cg14755254",1.19867280338916e-05
"cg00035449",-0.000100002377361038
