"pred.var","coef"
"intercept",6.77728237465944
"cg04450797",1.56196415113729e-05
"cg08210706",-1.59474786240278e-05
