"pred.var","coef"
"intercept",-8.87018938204165e-06
"cg08238319",1.67336367052998e-06
"cg23098789",1.23572186924103e-05
