"pred.var","coef"
"intercept",0.00250961969935196
"cg17348244",0.000903207265086973
"cg06961873",-0.0053420859672295
