"pred.var","coef"
"intercept",0.00700791673194646
"cg06032337",0.00473247502376717
"cg12657416",0.000645084506230018
"cg26705599",-0.0195456075307224
