"pred.var","coef"
"intercept",-0.0152600464628861
"cg02183930",-1.73956789979888e-05
"cg16241932",-0.00582900134395403
"cg12342501",0.0315040120161779
