"pred.var","coef"
"intercept",0.055934923682168
"cg13910785",-0.0100608566129034
"cg11574174",-0.142058548474694
