"pred.var","coef"
"intercept",10.3357660741213
"cg09382842",-0.0027712117509714
"cg11574174",-0.0442059115689367
"cg04450797",0.00385688582558634
