"pred.var","coef"
"intercept",-3.40276186440798e-05
"cg03216697",1.01083092689018e-05
"cg22274273",7.58429838700443e-05
