"pred.var","coef"
"intercept",3.01131241086781e-05
"cg00033213",-6.24037740473032e-05
"cg26805113",-8.50558222470187e-06
