"pred.var","coef"
"intercept",3.08197816490621
"cg21134859",-0.00601187197618792
"cg02113055",-0.000364498263671176
"cg18828306",-0.000601731365790915
"cg14112997",-0.00170468734077914
