"pred.var","coef"
"intercept",-2.05495364483528e-05
"cg19577958",2.31570186830987e-06
"cg22274273",3.81624766052065e-05
"cg27114706",4.34893301520696e-06
