"pred.var","coef"
"intercept",10.4940676316215
"cg04450797",4.98781472066178e-06
"cg25614253",1.87106067654297e-05
