"pred.var","coef"
"intercept",0.00909285974519193
"cg21463262",-0.0169155490460639
"cg01104393",-0.00634980532257525
