"pred.var","coef"
"intercept",0.0437786648657609
"cg05656210",-0.00667097567426551
"cg02100397",-0.0103539949721899
"cg21130926",-0.0748781604454535
