"pred.var","coef"
"intercept",6.16360389068309
"cg23162598",0.00343245841859669
"cg27056740",-0.00608280915442053
"cg25879395",0.0039206531811982
