"pred.var","coef"
"intercept",-5.2487056493153e-06
"cg04026937",5.68250062534966e-06
"cg11294950",7.09230183952801e-06
"cg02171833",-4.30383103783747e-06
