"pred.var","coef"
"intercept",-0.00127364686180249
"cg20981163",0.00121457780140232
"cg03119308",0.00093975624506945
