"pred.var","coef"
"intercept",4.77447318398368
"cg14341177",7.40275512992718e-05
"cg18828306",-1.72138601486411e-05
