"pred.var","coef"
"intercept",-2.71536295675154e-06
"cg11716267",-1.96141963421517e-05
"cg20550012",1.74244740954043e-05
