"pred.var","coef"
"intercept",6.98862525746961e-05
"cg11716267",-0.000210811242091887
"cg15132295",3.18769467594333e-05
"cg11738485",-4.10877622221881e-06
