"pred.var","coef"
"intercept",8.83819666015824
"cg14651435",0.0032856575132165
"cg12682323",-0.0100152045988245
"cg19539986",-0.0077013070078792
"cg08103988",0.00661467018500647
