"pred.var","coef"
"intercept",9.5675071455524
"cg16490124",0.0054869701790813
"cg14112997",-0.00241960598726067
