"pred.var","coef"
"intercept",3.8489784289881e-05
"cg23489384",-5.12479643811061e-05
"cg20218135",-2.98082885171951e-05
