"pred.var","coef"
"intercept",2.23201269460293e-05
"cg25649515",-1.98387529224338e-05
"cg23162598",-2.10549622539091e-05
