"pred.var","coef"
"intercept",0.032071304763289
"cg13910785",-0.00652820515970205
"cg05966078",-0.0408344886670358
