"pred.var","coef"
"intercept",-2.65998454341341e-05
"cg16162930",-5.28050562814432e-06
"cg11897887",5.59196047023928e-05
