"pred.var","coef"
"intercept",9.70547553113328
"cg19178509",-0.00012247682805574
"cg16748433",-0.000193144231117701
"cg13506281",-0.000975177233992517
