"pred.var","coef"
"intercept",11.2526614819026
"cg08506672",-0.00836169168141167
"cg09998151",0.0279733136462095
