"pred.var","coef"
"intercept",-0.0035103549834244
"cg23803868",-0.00858997829486699
"cg08797383",0.0114838782235625
