"pred.var","coef"
"intercept",0.00649685364908301
"cg04246708",-0.00718065803127065
"cg22251955",-0.00326046237752943
"cg19218082",-0.00274843823570224
