"pred.var","coef"
"intercept",-3.66081881123379e-06
"cg15083522",2.62496743468483e-06
"cg07437923",3.16236301406743e-05
"cg05291429",-5.71735531774286e-06
"cg20218135",-5.80349435256141e-06
