"pred.var","coef"
"intercept",10.2454306759293
"cg10985055",0.0192308657084872
"cg13506281",-0.035897596635684
