"pred.var","coef"
"intercept",5.53010857039823e-05
"cg22535849",-2.88653362276298e-05
"cg05291429",-4.55510843294763e-05
"cg20218135",-6.2941438785041e-06
