"pred.var","coef"
"intercept",-0.00128796563264825
"cg11897887",0.00209859221623555
"cg00293269",0.000313737921271676
