"pred.var","coef"
"intercept",0.00195504493559048
"cg11738485",0.000907742175264148
"cg06012621",-0.00413741578090378
