"pred.var","coef"
"intercept",9.34863018800468
"cg21795255",0.000553245672843338
"cg08103988",4.60578911519278e-05
