"pred.var","coef"
"intercept",4.29173245895973e-05
"cg06870118",-8.74470377634908e-07
"cg26820259",-7.89384422650465e-05
"cg11738485",-8.30594809511579e-06
