"pred.var","coef"
"intercept",3.98330241951413
"cg01105403",-4.0532119341867e-05
"cg02113055",-0.000237673110950077
"cg11008123",0.000116388957099893
