"pred.var","coef"
"intercept",0.000846251537711715
"cg18624102",-0.00307754160488913
"cg10376666",0.00230883991861168
"cg14549203",-0.00133841245569485
