"pred.var","coef"
"intercept",-6.6682348060976e-05
"cg07133434",-7.74725142060603e-06
"cg05593887",0.000130175530733557
