"pred.var","coef"
"intercept",8.99046963103412
"cg19311470",0.000118792816856469
"cg05130642",3.07299887389487e-05
