"pred.var","coef"
"intercept",-0.000138090149902774
"cg15295200",0.00016940684976269
"cg07878625",4.65928371552153e-05
