"pred.var","coef"
"intercept",-0.000154682959347551
"cg11585022",0.000552618392078628
"cg00035449",-0.0003122262675309
