"pred.var","coef"
"intercept",5.9109694844367
"cg16963093",0.000138433284824781
"cg02464073",-3.91375690605885e-06
