"pred.var","coef"
"intercept",1.66960477754363e-05
"cg06792428",3.07196089168652e-06
"cg05918715",-3.4085145198109e-05
