"pred.var","coef"
"intercept",0.00178211351610192
"cg14048271",0.00351778758728821
"cg15421137",-0.00405631395452505
"cg26820259",-0.00396693152516561
