"pred.var","coef"
"intercept",1.63822813133028
"cg11786587",-0.000245495441141385
"cg26805113",2.09601637414581e-05
