"pred.var","coef"
"intercept",-1.87841411627005e-06
"cg27586797",-1.17058787909376e-05
"cg05248234",3.68955824549869e-06
"cg13573375",1.440978565499e-05
