"pred.var","coef"
"intercept",2.27109157582968
"cg18391209",0.00258612007310938
"cg11738485",0.000841376150679221
