"pred.var","coef"
"intercept",-4.89913065314808e-06
"cg00356335",-9.30002406722305e-06
"cg12695921",2.42598963645502e-05
"cg07249765",-3.8654281853753e-07
