"pred.var","coef"
"intercept",7.51921725788858e-07
"cg14252149",-1.61871145920719e-05
"cg02658043",-1.37916860235941e-06
"cg24309769",3.07409993722914e-05
"cg07618759",-1.5731324604599e-05
"cg19218082",-7.55239442282609e-06
