"pred.var","coef"
"intercept",-6.79982177481354e-06
"cg20300784",2.5367074165149e-05
"cg19949776",-7.81582429324389e-06
"cg11331837",-5.65489106242717e-06
