"pred.var","coef"
"intercept",1.72460805564105
"cg06961873",0.0162372976166627
"cg12434901",-0.00429643685987638
