"pred.var","coef"
"intercept",-0.000754975038614406
"cg06870118",-0.000146430871787479
"cg16655343",0.000262512304379947
"cg23098789",0.00140838949142727
"cg05528899",-0.000362402997301784
