"pred.var","coef"
"intercept",2.12871543497983e-05
"cg14626875",-1.13170001441545e-05
"cg16241932",-2.86010632801197e-05
"cg19637330",1.06486023367127e-05
