"pred.var","coef"
"intercept",8.50269431254225
"cg18828306",-0.00212889085123284
"cg22251955",0.000128390205386509
"cg20536971",-0.00012056071839486
