"pred.var","coef"
"intercept",-0.00492702475573019
"cg00324979",0.0269621686532818
"cg00035449",-0.0020670379271195
"cg23803868",-0.0138669845135411
"cg22851875",-0.00914094680745299
"intercept",0.0463527020794974
"cg15066135",-0.0522156774926635
"cg06012621",-0.0185878958130505
"cg17237138",-0.00717423142034932
