"pred.var","coef"
"intercept",2.88060784455797e-05
"cg06961873",-5.77843016495835e-05
"cg15567368",-6.09751821832968e-07
"cg27024127",-2.8243438471349e-05
"cg16954525",2.48437438366123e-05
"cg02668233",-1.7839874061761e-05
"cg00146240",3.49812671646072e-05
"cg05291429",-9.55125100772171e-06
