"pred.var","coef"
"intercept",7.09555696839004
"cg22972806",-0.00876501568397805
"cg24643105",0.00880034266086158
