"pred.var","coef"
"intercept",-0.00492702475573019
"cg00324979",0.0269621686532818
"cg00035449",-0.0020670379271195
"cg23803868",-0.0138669845135411
"cg22851875",-0.00914094680745299
