"pred.var","coef"
"intercept",0.0463527020794974
"cg15066135",-0.0522156774926635
"cg06012621",-0.0185878958130505
"cg17237138",-0.00717423142034932
