"pred.var","coef"
"intercept",-2.53122900446643e-05
"cg09672255",-1.22778978263926e-06
"cg20987072",2.77874852763666e-05
"cg13603318",1.47366760623613e-05
"intercept",-6.58291194044945e-06
"cg15491125",-1.40728731802652e-06
"cg11266396",2.56601679460333e-05
