"pred.var","coef"
"intercept",4.05648252931737
"cg10452588",8.94347433755814e-05
"cg11888470",1.44727218388991e-05
"cg10695549",-2.05693838222731e-07
