"pred.var","coef"
"intercept",6.10704039082722e-05
"cg10452588",8.50627093507442e-05
"cg19364778",-0.000112661289472801
