"pred.var","coef"
"intercept",0.0113873108275446
"cg02658043",0.00796622015991568
"cg05291429",-0.022627535630594
"cg20592836",0.00567076514344207
