"pred.var","coef"
"intercept",7.75941853877974
"cg04450797",6.43995713233648e-06
"cg02945674",1.26451228883045e-05
