"pred.var","coef"
"intercept",0.00486546874603445
"cg26576353",-0.00135166235091789
"cg24836826",-0.00563088177283674
