"pred.var","coef"
"intercept",2.09411540889272
"cg11965913",2.41452392218022e-05
"cg14159672",4.19834243063786e-06
"cg17178900",7.22097862080522e-05
"cg11786587",-4.19392920347142e-07
