"pred.var","coef"
"intercept",-6.58291194044945e-06
"cg15491125",-1.40728731802652e-06
"cg11266396",2.56601679460333e-05
