"pred.var","coef"
"intercept",0.012994177366931
"cg16320888",-0.0208976936224541
"cg24309769",0.00336817948050481
