"pred.var","coef"
"intercept",-0.000172199064880803
"cg07480955",8.23940772586304e-06
"cg17729655",2.85329311494234e-05
"cg20981163",0.000244494810818027
