"pred.var","coef"
"intercept",0.00434080118983207
"cg13910785",-0.00558993346957414
"cg15066135",-0.00410860438636513
