"pred.var","coef"
"intercept",0.0106297201317975
"cg13910785",-0.0401554668583085
"cg04246708",0.00669748821496641
