"pred.var","coef"
"intercept",0.0106297201317975
"cg13910785",-0.0401554668583085
"cg04246708",0.00669748821496641
"intercept",0.00434080118983207
"cg13910785",-0.00558993346957414
"cg15066135",-0.00410860438636513
