"pred.var","coef"
"intercept",0.00454352231037329
"cg18285337",0.00228299166654368
"cg00211215",0.00757800514312545
"cg25203245",-0.0255419512049298
