"pred.var","coef"
"intercept",0.0117416956454192
"cg17174466",-0.00922761025268528
"cg21294301",-0.0105680718160451
