"pred.var","coef"
"intercept",0.0117416956454192
"cg17174466",-0.00922761025268528
"cg21294301",-0.0105680718160451
"intercept",0.0333889489701931
"cg14889167",-0.0604817822389336
"cg10643429",0.00474678851624911
"cg13405878",-0.0118834455599247
