"pred.var","coef"
"intercept",0.881056237774578
"cg11251367",-0.0174279430031277
"cg14241748",-0.000671014257482475
"cg27230769",0.0041924051288124
