"pred.var","coef"
"intercept",-1.84719814295621e-05
"cg07844442",-2.02287929564239e-06
"cg14112997",3.81351880374983e-05
