"pred.var","coef"
"intercept",4.90175305130293e-06
"cg09866143",6.12911421696438e-06
"cg01127608",4.8493664193345e-06
"cg18861767",-9.57258309015783e-06
"cg05308244",1.18576711329965e-05
"cg20976286",-1.31047643888538e-05
"cg03407524",-5.16565366585537e-06
"cg22992772",-7.28522449815556e-07
"cg25761791",-6.36075983086861e-06
