"pred.var","coef"
"intercept",2.28284796310721
"cg03221390",-0.00523341911955751
"cg21885112",-0.00127111692821327
"cg02945674",0.00854279811252006
"cg05308244",-0.00155767476231437
"cg08103988",0.00113367795921141
