"pred.var","coef"
"intercept",0.00302711871768789
"cg13910785",-0.00933946824030782
"cg02856402",0.000155892700676644
"intercept",0.00263296332647247
"cg14626875",-0.00315662673919707
"cg13910785",-0.00175079068985134
