"pred.var","coef"
"intercept",0.00263296332647247
"cg14626875",-0.00315662673919707
"cg13910785",-0.00175079068985134
