"pred.var","coef"
"intercept",-0.00293996770850349
"cg16527629",-0.000425018051884936
"cg03655023",0.00313778396828413
"cg03013609",0.00133894708107326
