"pred.var","coef"
"intercept",3.17113659001674
"cg25099095",-0.000528000981033441
"cg16464924",0.000196450166622512
"cg23936477",8.42477529431934e-05
