"pred.var","coef"
"intercept",1.16355626748829e-05
"cg25614253",9.30400796425875e-07
"cg02668233",-1.8571567182919e-05
