"pred.var","coef"
"intercept",0.000287179826544161
"cg27288829",0.000207980594734912
"cg27153751",-0.000897954467399728
