"pred.var","coef"
"intercept",3.58433544748209
"cg14856563",-0.00165597618138672
"cg08238375",0.000134605062680494
"cg27230769",0.0107627375029451
