"pred.var","coef"
"intercept",0.0207661973737999
"cg02658043",-0.0363471253989019
"cg25203245",-0.0180507548832698
