"pred.var","coef"
"intercept",-0.00386086735702993
"cg03938978",-0.0191118995821963
"cg09866143",0.0206921790912904
