"pred.var","coef"
"intercept",0.213491935247624
"cg03938978",-0.469071985118972
"cg22251955",-0.00711982412193872
