"pred.var","coef"
"intercept",0.000692958991142413
"cg15176306",-0.000531066513839079
"cg25203245",-0.000696038381214904
"cg08049519",-0.000282976760793629
