"pred.var","coef"
"intercept",8.75445635100406
"cg03938978",-0.477312969529194
"cg12479705",-0.00914026477002445
