"pred.var","coef"
"intercept",9.27263354209634
"cg10818676",0.000953645472945163
"cg27467876",0.00861669862314546
