"pred.var","coef"
"intercept",0.00154783151277382
"cg15066135",-0.00265718008416411
"cg12342501",9.05747311217039e-05
