"pred.var","coef"
"intercept",1.04524749600033
"cg02819655",0.0659484787603804
"cg02945674",-0.0642530167802144
