"pred.var","coef"
"intercept",-3.36499342320451e-05
"cg06417478",2.12772358497456e-06
"cg11738485",7.65056232183893e-05
