"pred.var","coef"
"intercept",1.71514859256578
"cg21272897",-6.89490927556597e-05
"cg11420142",2.27520325110736e-05
"cg19218082",1.17057979459856e-05
