"pred.var","coef"
"intercept",1.53193290936075e-05
"cg06737250",1.60190685449307e-05
"cg10376666",-4.29411279092191e-05
