"pred.var","coef"
"intercept",1.37015137137241
"cg07501029",9.00839971440209e-05
"cg21498547",-0.000128571643038744
