"pred.var","coef"
"intercept",-1.55150428173532e-05
"cg11008123",-2.00039380711291e-05
"cg06307915",6.20791374280899e-06
"cg14252149",3.3456584201458e-05
"cg03013609",2.39270999068166e-05
