"pred.var","coef"
"intercept",-0.00443561724271142
"cg08049519",0.00684495141720404
"cg25879395",0.00407799777482212
