"pred.var","coef"
"intercept",2.16587198300394
"cg23836570",-4.39858813467608e-05
"cg13573375",-1.33424067659008e-05
