"pred.var","coef"
"intercept",-0.00741626530613286
"cg10788927",0.0198999972910519
"cg08136432",-5.89810868783525e-05
