"pred.var","coef"
"intercept",0.000123275235131923
"cg10092377",-2.10117516236285e-06
"cg10985055",-0.000211013639813509
"cg16069065",-1.71856538496199e-06
