"pred.var","coef"
"intercept",-0.000701809587135068
"cg05385718",0.00110209899779365
"cg01127608",0.000270654554127534
