"pred.var","coef"
"intercept",0.000275357663313455
"cg03526459",-0.000119489656804872
"cg08950364",-0.000433175667141745
"cg14056849",0.000405963482472618
"cg22251955",-0.000339658990442074
