"pred.var","coef"
"intercept",2.25833511536921
"cg16293892",1.13334721153676e-06
"cg05248234",-7.03627237247791e-05
