"pred.var","coef"
"intercept",-5.32873040556964e-07
"cg04246708",-1.4844275503847e-05
"cg13462557",7.10425666502886e-06
"cg08238375",8.49855515690204e-06
