"pred.var","coef"
"intercept",2.303775625233e-05
"cg14129832",-4.67881010694475e-06
"cg03525554",-2.88874945970106e-06
"cg27086157",-2.6805980993018e-05
"cg02323098",-2.49082252955719e-06
"cg22237644",-2.25679644830575e-06
