"pred.var","coef"
"intercept",1.32415814155407
"cg00540295",-9.041745339086e-06
"cg10415021",-1.7558182430848e-07
"cg27056740",6.63360010922938e-06
