"pred.var","coef"
"intercept",-0.00434883443611533
"cg04246708",-0.00211358817954894
"cg24080129",0.020514672355711
