"pred.var","coef"
"intercept",0.00864327464313824
"cg01245604",0.00257399781207993
"cg14195178",-0.0160450784473859
