"pred.var","coef"
"intercept",1.73338567881782
"cg00540295",-1.52241908558526e-05
"cg14112997",-0.000173254483245632
