"pred.var","coef"
"intercept",0.00469581100464617
"cg13730219",3.03392906425599e-05
"cg20536971",-0.00903470772393937
"cg21193926",-0.000525154158177048
