"pred.var","coef"
"intercept",-1.9143126853674e-06
"cg02890259",-1.23071951785268e-05
"cg14252149",3.55915786292514e-05
"cg23803868",-9.25408991705324e-06
