"pred.var","coef"
"intercept",1.53437572369967
"cg00366603",-0.0156856251951127
"cg21130926",0.00354955457615695
