"pred.var","coef"
"intercept",1.94225768509113e-05
"cg15909443",-1.96271374211774e-05
"cg11331837",-2.08653807001843e-05
