"pred.var","coef"
"intercept",1.56154823104034
"cg10738648",-1.33860626088484e-06
"cg19504860",0.000993610678028275
