"pred.var","coef"
"intercept",-6.10470681328872e-05
"cg13683939",-1.59099823836628e-05
"cg16464924",0.000161427564062661
