"pred.var","coef"
"intercept",0.000586399877919571
"cg08146708",0.00014316444301933
"cg11400162",-0.000136289610805467
"cg04212500",0.000339497522802124
"cg16464924",-0.00171803375319534
