"pred.var","coef"
"intercept",-3.13710470709969e-05
"cg11431762",7.52031996830421e-05
"cg23162598",-1.3521551816549e-05
