"pred.var","coef"
"intercept",1.91378765932834
"cg07703391",-3.81494332129222e-05
"cg24534774",-0.000150885235984829
