"pred.var","coef"
"intercept",0.011817676451139
"cg04131969",-0.0243134257732154
"cg24284539",-0.00185142719537918
