"pred.var","coef"
"intercept",3.67068751487552
"cg10985055",0.000605391956698669
"cg02113055",-0.000128731545879306
