"pred.var","coef"
"intercept",2.00911508484826e-05
"cg10507965",-1.29423236709588e-06
"cg16464924",-4.35365815896338e-05
