"pred.var","coef"
"intercept",2.0790211258324
"cg22710716",-0.00142621650059619
"cg13653328",3.96719265159762e-05
"cg08049519",0.00418391035624944
