"pred.var","coef"
"intercept",6.26715801587802e-05
"cg09993319",-0.000116755164688653
"cg07747558",-1.20955729520694e-05
