"pred.var","coef"
"intercept",6.6205763219272e-05
"cg15567368",-1.64948350037512e-06
"cg22535849",-9.19905205400366e-05
"cg27024127",-6.75216108253418e-06
