"pred.var","coef"
"intercept",0.000400750340545024
"cg16241932",-0.00184617530776037
"cg15197688",0.00110365353242237
