"pred.var","coef"
"intercept",4.70233948617059
"cg12682323",-1.07060099320388e-05
"cg19539986",-1.51464353055421e-05
"cg08103988",0.000162084440933518
"cg21358336",2.02757931851085e-05
