"pred.var","coef"
"intercept",7.7129009860452
"cg12479705",-0.00500123900463228
"cg19539986",-0.00153261408963449
