"pred.var","coef"
"intercept",0.0111006269753695
"cg05305893",0.0029461738910751
"cg20221740",-0.00912766290917327
"cg19154950",-0.02350556572107
