"pred.var","coef"
"intercept",0.403735667211345
"cg16112880",7.30695316506179e-05
"cg27518014",-1.64614653038687e-05
