"pred.var","coef"
"intercept",-0.0025292924289252
"cg15132295",-0.00289408429459948
"cg08880261",0.00801873282230942
