"pred.var","coef"
"intercept",0.000614534733753957
"cg18624102",-0.00138344642918059
"cg04425994",4.73540368289618e-05
