"pred.var","coef"
"intercept",4.32344198113627
"cg27518014",-0.00543304102140389
"cg18828306",-0.0228147310739793
