"pred.var","coef"
"intercept",0.0176302078358092
"cg12657416",0.00449785184218581
"cg19218082",-0.0386812981774998
"cg18771300",0.003907567223511
