"pred.var","coef"
"intercept",1.21775983975432e-05
"cg25203245",-2.15176930188112e-05
"cg23489384",-9.39063073499958e-06
