"pred.var","coef"
"intercept",8.0290360870261e-05
"cg02863943",-0.000115464578889405
"cg01891583",-7.37667936651372e-05
