"pred.var","coef"
"intercept",12.4850601174541
"cg26908356",-0.000111452322953358
"cg18828306",-0.000237154214220588
"cg07128503",-0.0028407837914447
