"pred.var","coef"
"intercept",2.63766227938867e-05
"cg01350803",-1.29435898477994e-05
"cg05900567",-4.08283317628177e-05
