"pred.var","coef"
"intercept",-0.00390158107803303
"cg01483826",-0.0039570107227234
"cg05234269",0.0126553232843208
