"pred.var","coef"
"intercept",9.66915690100225
"cg10985055",4.9879899761834e-05
"cg10695549",-0.000212960794979269
"cg03084184",7.60158588943355e-05
"cg20704148",-0.000329501277018296
