"pred.var","coef"
"intercept",-1.62703212564362e-05
"cg13830619",-1.31234594308581e-05
"cg20218135",4.26477821608045e-05
