"pred.var","coef"
"intercept",-1.62703212564362e-05
"cg13830619",-1.31234594308581e-05
"cg20218135",4.26477821608045e-05
"intercept",-0.00390158107803303
"cg01483826",-0.0039570107227234
"cg05234269",0.0126553232843208
