"pred.var","coef"
"intercept",0.0133118245338751
"cg15794987",-0.00020494029743432
"cg25174111",-0.0200339327124097
"cg03796003",-0.00668251190951304
"intercept",0.0044628534231927
"cg14866535",-0.0033830873335677
"cg02627872",-0.00809050452621948
