"pred.var","coef"
"intercept",0.00441329527277226
"cg18572898",-0.00869659972240579
"cg01891583",-0.000948335407068512
