"pred.var","coef"
"intercept",3.15831625566345
"cg27230769",5.28936803033977e-06
"cg08570077",-8.82829822075921e-05
