"pred.var","coef"
"intercept",0.0044628534231927
"cg14866535",-0.0033830873335677
"cg02627872",-0.00809050452621948
