"pred.var","coef"
"intercept",15.9982736606483
"cg12999291",-0.00299429252743998
"cg24836826",-0.000270152027146239
