"pred.var","coef"
"intercept",0.0200814920049181
"cg25674027",-0.0337230399921729
"cg02978201",-0.00359993216142881
