"pred.var","coef"
"intercept",0.00404644505652281
"cg26764761",-0.00159029184957896
"cg08146708",-0.00569902286555863
