"pred.var","coef"
"intercept",9.68879737758973
"cg12479705",-0.00230160945842129
"cg05730108",0.00329668948558721
