"pred.var","coef"
"intercept",0.00529020750895748
"cg04821830",-0.000829149151350664
"cg02877261",-0.0113889872941432
