"pred.var","coef"
"intercept",1.78421136306657e-06
"cg00348031",-4.07386669673904e-05
"cg09084244",6.98621305969168e-05
