"pred.var","coef"
"intercept",12.5191669011794
"cg13232075",-0.00035257874801375
"cg06032337",2.41129394893593e-06
"cg19178509",-0.00015488451853735
"cg24470466",4.33207300803154e-05
"cg25099095",0.000128611871071819
"cg01350803",0.000123533767039557
"cg08779649",-7.2633189583044e-05
"cg07128503",-3.05107621076749e-05
"cg08717807",0.000230466563129747
"cg17906851",-0.000171909482787179
"cg17811452",8.40732452073171e-05
