"pred.var","coef"
"intercept",2.80835099190746e-05
"cg04145681",-6.67266121711524e-05
"cg22251955",-7.26919335747394e-06
