"pred.var","coef"
"intercept",1.34722180819221
"cg16112880",0.00675992402871964
"cg19377607",0.00113765309543735
"cg17530337",-0.00125743294907107
