"pred.var","coef"
"intercept",0.00172166772615454
"cg25561557",-0.00329002742373654
"cg17131279",-0.000700418573613073
