"pred.var","coef"
"intercept",-2.92538176566841e-05
"cg04131969",7.83766548747434e-06
"cg04145681",-1.81675597423481e-05
"cg16464924",7.20772638049741e-05
