"pred.var","coef"
"intercept",-0.000145742425723675
"cg16412745",0.000289081460225781
"cg02814135",-3.00575101481453e-05
"intercept",0.00172166772615454
"cg25561557",-0.00329002742373654
"cg17131279",-0.000700418573613073
