"pred.var","coef"
"intercept",-0.000145742425723675
"cg16412745",0.000289081460225781
"cg02814135",-3.00575101481453e-05
