"pred.var","coef"
"intercept",-1.29619973516642e-05
"cg14755254",0.000108145518231658
"cg04998327",-2.53704376301679e-05
