"pred.var","coef"
"intercept",3.02748843837141
"cg26824678",-7.72742216947401e-06
"cg15365500",-9.34529503561504e-05
"cg08103988",4.13129403100875e-06
