"pred.var","coef"
"intercept",-0.0270827210315419
"cg11400162",0.0521348935326952
"cg26864826",0.00707389768032968
