"pred.var","coef"
"intercept",-3.30182422402272e-05
"cg16412745",5.62244071723191e-05
"cg15250633",1.6022095722085e-06
"intercept",0.00332698155981481
"cg09863391",-0.0061041221920921
"cg24506579",0.000877271037851536
