"pred.var","coef"
"intercept",10.3490619700291
"cg11956442",-6.88209239779953e-05
"cg08657228",-1.05536575096349e-05
