"pred.var","coef"
"intercept",-0.00149375167943228
"cg22481673",0.000206253562701122
"cg17611936",-0.000888181974580775
"cg15083522",0.00313663233709862
"cg25203245",-0.000336113628155796
"cg24309769",0.000261017155123555
"cg08331829",0.000448610377586244
