"pred.var","coef"
"intercept",0.00332698155981481
"cg09863391",-0.0061041221920921
"cg24506579",0.000877271037851536
