"pred.var","coef"
"intercept",0.000197230905293441
"cg26298914",-9.45975669114897e-05
"cg05583921",-0.000153763531633555
"cg23169883",-0.000192149691611646
