"pred.var","coef"
"intercept",0.0548960554686629
"cg27230769",-0.0113037291530811
"cg02100397",-0.0755367762788719
"cg25761791",-0.01934294876291
