"pred.var","coef"
"intercept",2.98908903179202
"cg19539986",-1.08645419802712e-05
"cg23022053",2.36696921408186e-05
