"pred.var","coef"
"intercept",0.000327584350278013
"cg02499548",-0.000490981241038943
"cg07338544",-0.000113609103024813
"cg10408283",-4.51796667513743e-05
"cg13132858",-4.26938198427499e-05
