"pred.var","coef"
"intercept",-7.42112566352328e-05
"cg03119308",0.00172387380890279
"cg25614253",0.00398675114241414
"cg27024127",-0.00344108349465146
"cg19218082",-0.00171841430361497
