"pred.var","coef"
"intercept",6.10080701399085
"cg03570263",-1.60106000308899e-05
"cg27230769",7.46945833343259e-05
