"pred.var","coef"
"intercept",0.00037865387387952
"cg21223191",-0.00136328820003924
"cg06032337",-0.000568692653903034
"cg06971224",0.00133188117604361
