"pred.var","coef"
"intercept",0.039414333645184
"cg27154731",0.000671643511754624
"cg19218082",-0.000649490542143463
"cg11070172",-0.0619413740492598
