"pred.var","coef"
"intercept",9.91237172684368
"cg18025438",-0.004539275407088
"cg18828306",-0.0202976701995887
"cg05248234",-0.00415792521294908
