"pred.var","coef"
"intercept",0.00890252547752644
"cg02171833",-0.0377134940049949
"cg08407901",0.0107810239290996
"cg24738483",0.0070937766991825
"cg00035449",-0.00212488929247983
