"pred.var","coef"
"intercept",3.4233913500203
"cg00675157",2.12622246214305e-05
"cg05509228",4.73570817188891e-05
"cg04194432",-4.05116205804866e-06
