"pred.var","coef"
"intercept",-0.000739591025675623
"cg16060930",0.000635309957385318
"cg12012426",0.000177415518416969
"cg06792428",0.000307746843622273
