"pred.var","coef"
"intercept",3.01310745197212
"cg23892028",-0.00194985312680122
"cg20536971",-1.25438244985902e-05
