"pred.var","coef"
"intercept",0.000470630398569174
"cg15176306",-0.0150092252653041
"cg19248407",0.0119809880221247
