"pred.var","coef"
"intercept",-0.00777009503005877
"cg12012426",0.0131942535087947
"cg11438287",-0.00198427776974307
