"pred.var","coef"
"intercept",-0.0441652928038186
"cg25193152",0.0179995169833521
"cg08407901",0.10488022256929
