"pred.var","coef"
"intercept",2.7983545335054
"cg16112880",-2.86209134067218e-05
"cg12036633",-9.90246511208652e-05
