"pred.var","coef"
"intercept",4.58323953335405
"cg08522473",-0.000110025964026256
"cg05509228",0.00176556787425445
