"pred.var","coef"
"intercept",-0.000440217424029711
"cg16060930",0.00014641311562608
"cg12012426",0.000328052632997087
"cg06792428",0.000215802192000874
