"pred.var","coef"
"intercept",-0.00856340784432811
"cg09650803",0.00822718136167228
"cg08407901",0.00174761973834283
"cg24738483",0.00406866069876388
