"pred.var","coef"
"intercept",7.16483626191072
"cg00675157",0.00438141254706678
"cg08238375",0.000465466890738131
