"pred.var","coef"
"intercept",0.00115674015548925
"cg01891583",-0.00144487799456063
"cg07173352",-0.00136854517553938
