"pred.var","coef"
"intercept",3.01987442407722
"cg10818676",0.00240587333551303
"cg22251955",0.000735217466220513
