"pred.var","coef"
"intercept",0.000117631681289165
"cg02658043",-0.00027462340992574
"cg09925682",-2.31787029241534e-05
