"pred.var","coef"
"intercept",4.3557715679477
"cg08103988",0.00075356128391704
"cg08407901",0.00373743442336268
