"pred.var","coef"
"intercept",-2.23782378181284e-05
"cg20981163",3.67728878955003e-05
"cg14114910",-1.70126667666738e-06
