"pred.var","coef"
"intercept",5.40346170199543e-05
"cg05812143",-7.92868892889838e-05
"cg01624386",-1.91240037964933e-05
"cg09289202",-1.2272927817979e-06
