"pred.var","coef"
"intercept",5.54474927430038
"cg07480955",0.000931869289452441
"cg00704664",-0.000469790116443169
