"pred.var","coef"
"intercept",1.01532079742434e-05
"cg09993319",4.24786984496281e-06
"cg25203245",-3.06251148673745e-05
