"pred.var","coef"
"intercept",-0.00021419506231
"cg15988569",0.000139837326871198
"cg11786587",0.000227502386297948
