"pred.var","coef"
"intercept",6.41384898952088
"cg05570109",-2.32166766609989e-06
"cg02945674",1.09358023864972e-05
"cg11144103",0.00010696740285555
