"pred.var","coef"
"intercept",-0.00578449919202127
"cg13910785",-0.0031101853027445
"cg17052675",-0.000873873579820775
"cg00602930",0.0106657882306719
