"pred.var","coef"
"intercept",-3.27695087802395e-05
"cg20981163",4.8813390857666e-05
"cg20550012",3.12205426963779e-06
