"pred.var","coef"
"intercept",0.000129706695129412
"cg19697575",-0.000218470166552722
"cg10738648",-3.1388237918825e-05
