"pred.var","coef"
"intercept",4.69404502638446
"cg04450797",5.01239622274794e-06
"cg26864826",-9.44727838962151e-06
