"pred.var","coef"
"intercept",0.012674813520943
"cg04145681",-0.00196148038845228
"cg21792493",-0.0152498523671917
"cg01891583",-0.0118150165545987
