"pred.var","coef"
"intercept",-2.10365409086329e-05
"cg19236675",6.4932792105832e-05
"cg00602930",7.53824405648703e-06
"cg07173352",-8.74902584980526e-06
