"pred.var","coef"
"intercept",7.98839981331569
"cg19539986",-5.98832421511754e-06
"cg21130926",5.04685147488123e-05
