"pred.var","coef"
"intercept",-5.15888078089643e-06
"cg09866143",4.49000304296204e-06
"cg08238319",4.14056006404481e-06
