"pred.var","coef"
"intercept",9.25887940642649e-05
"cg11585022",2.06373599743702e-05
"cg02627872",-0.000275640013003224
