"pred.var","coef"
"intercept",-0.000152502709134271
"cg05393861",-0.00221345206611839
"cg13127920",0.0020660385108739
