"pred.var","coef"
"intercept",5.02722281072499
"cg19405842",-5.81272723963998e-06
"cg19285525",-0.000100460295357675
