"pred.var","coef"
"intercept",-4.37267882552383e-05
"cg00295418",6.14989356851143e-05
"cg15360451",1.68349557134431e-05
