"pred.var","coef"
"intercept",6.41208804569839e-05
"cg26077133",-0.00012712293188746
"cg01891583",-1.77896684559738e-06
