"pred.var","coef"
"intercept",1.5636429880949
"cg08084984",9.99970887179477e-05
"cg05331763",-1.20817109925408e-05
