"pred.var","coef"
"intercept",0.00105769501502841
"cg21046080",0.000173998045961344
"cg07618759",-0.000290559422749285
"cg19218082",-0.00169657248782651
