"pred.var","coef"
"intercept",8.86588355679109
"cg14341177",0.000117933332437318
"cg02464073",4.02619036327937e-05
