"pred.var","coef"
"intercept",0.000294562276962726
"cg23352245",3.36275859878027e-05
"cg22723460",-0.000660593090869415
