"pred.var","coef"
"intercept",-0.000576709091580677
"cg11424828",0.000398059684575962
"cg00257789",0.00127490028674756
"intercept",-0.000146021952266902
"cg14755254",0.000363084796183123
"cg08797383",8.39117876848401e-05
