"pred.var","coef"
"intercept",-0.000576709091580677
"cg11424828",0.000398059684575962
"cg00257789",0.00127490028674756
