"pred.var","coef"
"intercept",10.7266700662106
"cg18285337",-6.20940388031072e-07
"cg05509228",3.43517281321491e-06
"cg18828306",-2.62368628726038e-05
