"pred.var","coef"
"intercept",-0.000138878552365752
"cg06870118",-0.00575526536378109
"cg23098789",0.00413046013382319
"cg27114706",0.00129755144978634
