"pred.var","coef"
"intercept",10.8345017889017
"cg11956442",-1.46442415899871e-05
"cg04450797",4.21626091120412e-05
"cg27467876",5.47537981944817e-06
