"pred.var","coef"
"intercept",-0.00386668044226358
"cg02856402",0.0058260340570799
"cg21566433",0.00113206788758443
