"pred.var","coef"
"intercept",-0.00386668044226358
"cg02856402",0.0058260340570799
"cg21566433",0.00113206788758443
"intercept",9.6995382620515e-06
"cg22867893",-1.2901717861636e-05
"cg07173352",-5.50961359064852e-06
