"pred.var","coef"
"intercept",9.6995382620515e-06
"cg22867893",-1.2901717861636e-05
"cg07173352",-5.50961359064852e-06
