"pred.var","coef"
"intercept",-7.80339349950586e-06
"cg03119308",1.63965251969105e-05
"cg26077133",-2.05700936551235e-06
