"pred.var","coef","target"
"cg15716707",-0.001812968,"Afamin"
"cg09635784",-0.001667003,"Afamin"
"cg11868916",-0.023944919,"Afamin"
"cg00224299",0.007322907,"Afamin"
"cg09864156",-0.003664818,"Afamin"
"cg26870725",0.011145459,"Afamin"
"cg00574958",-0.043462469,"Afamin"
"cg11252953",0.004388993,"Afamin"
"cg22222999",0.009942426,"Afamin"
"cg15756114",0.014718139,"Afamin"
"cg03607951",0.000727572,"Afamin"
"cg17038235",0.001459824,"Afamin"
"cg08973382",-0.004166553,"Afamin"
"cg06500161",0.006762483,"Afamin"
"cg16988970",-0.008955709,"Afamin"
"cg08371947",0.009334617,"Afamin"
"cg00935421",0.022827256,"Afamin"
"cg25009141",0.007781408,"Afamin"
"cg22798214",-0.013805744,"Afamin"
"cg25792439",0.002800518,"Afamin"
"cg10851168",-0.012215421,"Afamin"
"cg19693031",-0.011496083,"Afamin"
"cg23661483",0.001875461,"Afamin"
"cg23304156",-0.005231517,"Afamin"
"cg27546431",0.008768356,"Afamin"
"cg00784161",0.014632963,"Afamin"
"cg26688191",0.00269369,"Afamin"
"cg27409802",-0.000368111,"Afamin"
"cg03916364",8.57e-06,"Afamin"
"cg21599081",-0.007566674,"Afamin"
"cg22828990",-0.000462577,"Afamin"
"cg13376246",-0.013497256,"Afamin"
"cg22871175",0.001233035,"Afamin"
"cg11892946",-0.012863492,"Afamin"
"cg25547939",-0.001223758,"Afamin"
"cg27055236",0.002039544,"Afamin"
"cg09830278",-0.000102384,"Afamin"
