"pred.var","coef","target"
"cg03316174",-0.010885571,"CCL25_C-C"
"cg26072213",-0.003134544,"CCL25_C-C"
"cg19511862",0.001748826,"CCL25_C-C"
"cg15906151",0.009376268,"CCL25_C-C"
"cg11478085",0.023657534,"CCL25_C-C"
"cg05147735",0.021152218,"CCL25_C-C"
"cg10043865",0.019995237,"CCL25_C-C"
"cg06101725",5.43e-05,"CCL25_C-C"
"cg18634665",0.00402447,"CCL25_C-C"
"cg23213442",-0.007278773,"CCL25_C-C"
"cg18235026",0.012285919,"CCL25_C-C"
"cg06642941",0.000806994,"CCL25_C-C"
"cg17623341",0.002800958,"CCL25_C-C"
"cg23652526",0.000358978,"CCL25_C-C"
"cg21342910",0.000322316,"CCL25_C-C"
"cg00574958",-0.028862683,"CCL25_C-C"
"cg26297866",-0.000952426,"CCL25_C-C"
"cg14185808",0.014608328,"CCL25_C-C"
"cg24068372",0.01785462,"CCL25_C-C"
"cg12984580",0.014045251,"CCL25_C-C"
"cg25856120",-0.004828224,"CCL25_C-C"
"cg04378167",0.010000092,"CCL25_C-C"
"cg14632140",0.000869525,"CCL25_C-C"
"cg04336379",0.005128079,"CCL25_C-C"
"cg07581775",0.00664466,"CCL25_C-C"
"cg07386898",0.003742619,"CCL25_C-C"
"cg22063247",0.003615723,"CCL25_C-C"
"cg04731544",0.002462247,"CCL25_C-C"
"cg15501231",0.00198846,"CCL25_C-C"
"cg09469355",-0.02677653,"CCL25_C-C"
"cg26871347",0.005260818,"CCL25_C-C"
"cg12167564",0.000340979,"CCL25_C-C"
"cg00165994",0.000664987,"CCL25_C-C"
"cg15703756",-0.024543118,"CCL25_C-C"
"cg16564894",0.004823217,"CCL25_C-C"
"cg19693031",-0.03307203,"CCL25_C-C"
"cg27563968",0.000340582,"CCL25_C-C"
"cg07998216",0.004180655,"CCL25_C-C"
"cg17440248",0.001421542,"CCL25_C-C"
"cg11978634",0.020846385,"CCL25_C-C"
"cg10211383",0.016953049,"CCL25_C-C"
"cg21722418",-0.0122405,"CCL25_C-C"
"cg27219691",-0.017762622,"CCL25_C-C"
"cg27243685",0.015257447,"CCL25_C-C"
"cg23424800",-0.003158601,"CCL25_C-C"
"cg26519342",-0.002682555,"CCL25_C-C"
"cg03507277",-0.00758988,"CCL25_C-C"
"cg03389928",0.022783793,"CCL25_C-C"
"cg26187942",-0.015697596,"CCL25_C-C"
"cg00555666",-0.006161368,"CCL25_C-C"
"cg12674145",-0.002489412,"CCL25_C-C"
"cg01257345",-0.001732804,"CCL25_C-C"
"cg24155937",-0.001542766,"CCL25_C-C"
"cg06838090",-0.005400239,"CCL25_C-C"
"cg04012515",-0.009338345,"CCL25_C-C"
"cg03529015",0.001397553,"CCL25_C-C"
"cg21133540",-0.000746206,"CCL25_C-C"
"cg11331028",-0.00232183,"CCL25_C-C"
"cg05368608",-0.01729867,"CCL25_C-C"
