"pred.var","coef"
"cg15462502",0.011177667
"cg03965198",0.037430491
"cg09782300",0.132495051
"cg19570317",0.019391584
"cg02892898",0.002246794
"cg20860638",0.009116347
"cg11195797",0.011575072
"cg26325867",-0.011684325
"cg07839457",-0.121057466
"cg25608626",-0.014975443
"cg13319938",-0.00827277
"cg17922283",-0.036761851
"cg04100395",-0.005220895
"cg09397997",-0.008771277
"cg05822739",-0.007159636
"cg25299011",-0.018201405
"cg16034168",-0.015312971
