"pred.var","coef"
"cg26272105",0.003566982
"cg06728579",-0.04578769
"cg21631878",0.001534715
"cg13014103",0.000459954
"cg17083941",0.003766246
"cg13650938",-0.006185208
"cg13958923",0.001699671
"cg10837142",-0.008404685
"cg04771084",0.063862926
"cg08210399",0.003715751
"cg09960641",0.009258554
"cg21722170",-0.020602516
"cg19236328",0.017895166
"cg17493193",0.000438778
"cg03317682",-0.010789863
"cg07048094",0.024597212
"cg24580056",-0.008806607
