"pred.var","coef","target"
"cg00146096",0.002378934,"CRTAM"
"cg26248608",-0.004020477,"CRTAM"
"cg17752595",-0.006926756,"CRTAM"
"cg01761409",0.008403651,"CRTAM"
"cg13135595",0.004886793,"CRTAM"
"cg22108864",0.002140091,"CRTAM"
"cg18928584",0.015589242,"CRTAM"
"cg13168314",-0.013510297,"CRTAM"
"cg00050984",0.005357709,"CRTAM"
"cg23558337",-0.002684681,"CRTAM"
"cg05502939",0.001080879,"CRTAM"
"cg07892785",0.00175601,"CRTAM"
"cg10580269",0.017543411,"CRTAM"
"cg08002883",0.027331575,"CRTAM"
"cg24822696",0.02213696,"CRTAM"
"cg10770187",0.018930295,"CRTAM"
"cg16750440",0.020136915,"CRTAM"
"cg00631221",0.004595137,"CRTAM"
"cg05280133",0.012977421,"CRTAM"
"cg23613857",0.023180528,"CRTAM"
"cg12023170",0.001572288,"CRTAM"
"cg09801824",0.027347362,"CRTAM"
"cg03888592",0.002415751,"CRTAM"
"cg04010091",0.003596803,"CRTAM"
"cg15322932",-0.021624925,"CRTAM"
"cg10867751",0.023845937,"CRTAM"
"cg16411857",-0.037205489,"CRTAM"
"cg14717122",-0.005796704,"CRTAM"
"cg01187920",0.007467246,"CRTAM"
"cg27589058",0.002062309,"CRTAM"
"cg05107535",-0.014841549,"CRTAM"
"cg27612129",0.011479031,"CRTAM"
"cg07839457",-0.057087373,"CRTAM"
"cg06096336",0.045076287,"CRTAM"
"cg20794824",0.007524482,"CRTAM"
"cg03736201",0.00850293,"CRTAM"
"cg15871544",0.00546495,"CRTAM"
"cg22281363",0.018983745,"CRTAM"
"ch.3.3302591F",-0.033763044,"CRTAM"
"cg17250770",0.013622503,"CRTAM"
"cg25223623",-0.002438253,"CRTAM"
"cg04506342",-0.024420781,"CRTAM"
"cg08634357",-0.002245395,"CRTAM"
"cg03461641",0.007013528,"CRTAM"
"cg20009327",0.002271922,"CRTAM"
"cg09107344",9.19e-05,"CRTAM"
"cg25942860",-0.003060331,"CRTAM"
"cg09583957",0.001095464,"CRTAM"
"cg07537896",0.002124586,"CRTAM"
"cg26999501",0.006012437,"CRTAM"
"cg14297966",0.001928987,"CRTAM"
"cg03207593",0.002521034,"CRTAM"
"cg17124581",0.000313641,"CRTAM"
"cg07536507",0.001698796,"CRTAM"
"cg01132515",0.004151874,"CRTAM"
"cg24670927",-0.036713235,"CRTAM"
"cg20688340",0.008116225,"CRTAM"
"cg21245653",0.003213843,"CRTAM"
"cg01490663",-0.003390788,"CRTAM"
"cg11217193",0.024207105,"CRTAM"
"cg02405003",0.000131643,"CRTAM"
"cg19380578",0.000401298,"CRTAM"
"cg14631761",0.004881855,"CRTAM"
"cg19533231",0.009527023,"CRTAM"
