"pred.var","coef"
"cg01507044",0.029866946
"cg25075644",0.007851817
"cg26317405",0.007666171
"cg27249178",0.010268228
"cg07519515",0.017540001
"cg17271338",0.021306532
"cg27298085",0.025430818
"cg24165667",0.023278583
"cg11888571",0.01577638
"cg01681367",-0.009304557
"cg14304690",0.007993258
"cg08724866",0.021771254
"cg09410234",0.032758755
"cg06668527",-0.006970958
"cg10061342",-0.003606821
"cg25170591",-0.002933433
"cg25742246",0.010418548
"cg25843003",-0.021093187
"cg16411857",-0.01092673
"cg10726816",-0.001582735
"cg18132851",-0.001780982
"cg16336494",-0.011394034
"cg20519121",0.008414904
"cg26612727",0.003195542
"cg25198113",0.004893368
"cg07839457",-0.101083661
"cg12609063",0.001525796
"cg00589305",-0.004792896
"cg22572476",0.001281376
"cg07081739",0.008303925
"cg24856658",-0.008451267
"cg00849990",-0.000523943
"cg09386050",0.003475128
"cg19311244",0.002171591
"cg23038277",0.001156392
"cg12639429",0.010139328
"cg00246301",0.010506908
"cg27336379",0.001091703
"cg25008524",-0.004467285
"cg20069939",-0.010241588
"cg14750757",0.003180967
"cg13049247",-0.017107455
"cg11606575",0.005919101
"cg25487430",0.010384073
"cg24908097",-0.008226838
"cg03256729",-0.004757384
"cg16453901",-0.004896497
"cg19162300",-0.003424067
"cg01922433",0.001855728
"cg26767085",-0.012397896
"cg06858150",-0.007437298
