"pred.var","coef","target"
"cg26879815",-0.011279399,"CXCL9"
"cg01053411",-0.011403555,"CXCL9"
"cg10364301",0.00207496,"CXCL9"
"cg00837434",-0.000481269,"CXCL9"
"cg16331890",0.00736353,"CXCL9"
"cg01681367",-0.034184286,"CXCL9"
"cg02202022",0.01026469,"CXCL9"
"cg12691382",0.026021876,"CXCL9"
"cg19131731",0.004170895,"CXCL9"
"cg00861277",0.001169256,"CXCL9"
"cg10296410",0.006218387,"CXCL9"
"cg16536330",-0.019099053,"CXCL9"
"cg17536822",-0.007406077,"CXCL9"
"cg18125510",-0.004222763,"CXCL9"
"cg13689560",0.001221271,"CXCL9"
"cg24129390",0.005090922,"CXCL9"
"cg26140475",-0.028634254,"CXCL9"
"cg03404662",-0.000974538,"CXCL9"
"cg03547181",0.00217637,"CXCL9"
"cg05304729",-0.016806747,"CXCL9"
"cg21389309",0.005555246,"CXCL9"
"cg00670942",0.008678879,"CXCL9"
"cg07839457",-0.080321387,"CXCL9"
"cg09122035",-0.002411567,"CXCL9"
"cg13826862",0.015055901,"CXCL9"
"cg14831166",0.007630686,"CXCL9"
"cg17636693",-0.005446903,"CXCL9"
"cg24461506",0.013372559,"CXCL9"
"cg04659154",0.003888201,"CXCL9"
"cg27341636",0.009869957,"CXCL9"
"cg19628299",-0.003558262,"CXCL9"
"cg02462812",-0.022296183,"CXCL9"
"cg22874989",0.001524784,"CXCL9"
"cg05146888",-0.00629656,"CXCL9"
"cg27360300",0.003968196,"CXCL9"
"cg13020868",0.006313746,"CXCL9"
"cg06723525",0.00044803,"CXCL9"
"cg07554626",-0.035776392,"CXCL9"
"cg01234610",0.0112845,"CXCL9"
"cg02476533",0.008844058,"CXCL9"
"cg10180058",0.025526551,"CXCL9"
"cg06690548",-0.008376955,"CXCL9"
"cg22506801",0.003162076,"CXCL9"
"cg09077443",0.004735641,"CXCL9"
"cg16108823",-0.003531739,"CXCL9"
"cg05165982",-0.014250936,"CXCL9"
"cg26011692",0.000119365,"CXCL9"
"cg24691965",0.005668736,"CXCL9"
"cg02128564",0.003529616,"CXCL9"
"cg25762658",-0.002238521,"CXCL9"
"cg17900127",-0.004644165,"CXCL9"
"cg25736517",0.007567733,"CXCL9"
"cg11859384",-0.016019734,"CXCL9"
"cg19075225",0.01096135,"CXCL9"
"cg15203403",-0.002387069,"CXCL9"
"cg26914630",0.005134413,"CXCL9"
