"pred.var","coef"
"cg20964328",0.014625583
"cg03725309",0.022631665
"cg13787768",-0.034853174
"cg06866187",-0.022150589
"cg06308022",-0.031958852
"cg14159576",-0.009524891
"cg08599699",-0.022828899
"cg24485038",-0.106733004
"cg08818337",-0.008436236
"cg25925896",-0.006923861
