"pred.var","coef","target"
"cg16813053",-0.015943921,"EZR"
"cg04614997",0.003052101,"EZR"
"cg27527593",0.009290922,"EZR"
"cg07420163",0.003128071,"EZR"
"cg08115430",0.00752987,"EZR"
"cg27186774",0.027731595,"EZR"
"cg21422770",0.014825383,"EZR"
"cg09649610",0.016217231,"EZR"
"cg18338311",0.002345548,"EZR"
"cg05219445",0.009600428,"EZR"
"cg13916298",0.012928129,"EZR"
"cg27036111",0.029315723,"EZR"
"cg17444090",0.022338442,"EZR"
"cg06502279",0.013952563,"EZR"
"cg08684580",0.011184519,"EZR"
"cg24897320",0.015807812,"EZR"
"cg21463262",-0.005243211,"EZR"
"cg19716090",0.010584122,"EZR"
"cg26099045",-0.01078388,"EZR"
"cg07936672",0.011718798,"EZR"
"cg09777883",0.002017361,"EZR"
"cg06732873",-0.001306264,"EZR"
"cg01725872",0.003344858,"EZR"
"cg18468572",-0.002576059,"EZR"
"cg05673287",-0.002841143,"EZR"
"cg01588250",-0.015252251,"EZR"
"cg00977903",-0.024796814,"EZR"
"cg02119577",0.003712411,"EZR"
"cg21814995",-0.011457327,"EZR"
"cg17459092",-0.002804848,"EZR"
"cg24442435",-0.000741174,"EZR"
"cg17470198",-0.013758706,"EZR"
