"pred.var","coef","target"
"cg07647353",-0.00638937,"FAP"
"cg12185399",0.002139338,"FAP"
"cg16662919",-0.004054196,"FAP"
"cg26438705",-0.002525194,"FAP"
"cg14641315",-0.002168476,"FAP"
"cg08251064",0.002137319,"FAP"
"cg17236169",-0.015689166,"FAP"
"cg09491948",-0.026754682,"FAP"
"cg18975678",-0.02032728,"FAP"
"cg24631920",-0.010198974,"FAP"
"cg17651821",0.021107046,"FAP"
"cg16619425",-0.009558632,"FAP"
"cg12510028",-0.008944649,"FAP"
"cg18193764",0.01596409,"FAP"
"cg05509777",0.014644498,"FAP"
"cg14076195",0.006605504,"FAP"
"cg05251359",0.006792619,"FAP"
"cg01203153",0.011028766,"FAP"
"cg12782294",0.000948834,"FAP"
"cg23599843",0.003312812,"FAP"
"cg07074575",0.0021769,"FAP"
"cg20426710",0.004326945,"FAP"
"cg03751527",0.006173078,"FAP"
"cg14940260",0.00598054,"FAP"
"cg04987734",-0.007989045,"FAP"
"cg06559839",-0.004295178,"FAP"
"cg24998981",0.014742999,"FAP"
"cg21588594",0.0023878,"FAP"
"cg23490829",-0.025189458,"FAP"
"cg01799015",0.004134704,"FAP"
"cg12269535",0.012388858,"FAP"
"cg16292768",0.009067832,"FAP"
"cg08266095",0.000713628,"FAP"
"cg13476072",0.014594736,"FAP"
"cg05543864",0.003241155,"FAP"
"cg17501210",0.014601453,"FAP"
"cg15603354",-0.001544599,"FAP"
"cg23862698",0.004870885,"FAP"
"cg10365743",0.010892721,"FAP"
"cg01311537",0.004790135,"FAP"
"cg15161691",-0.017991917,"FAP"
"cg23706819",0.006316753,"FAP"
"cg09866598",0.000186815,"FAP"
"cg07731047",-0.068503705,"FAP"
"cg19739774",-0.00577975,"FAP"
"cg21112954",-0.000175289,"FAP"
"cg20566970",-0.008817435,"FAP"
"cg21412456",-0.016006166,"FAP"
"cg01781018",0.006915246,"FAP"
"cg25544461",0.03582362,"FAP"
"cg06247967",0.00639818,"FAP"
"cg10882886",-0.020194116,"FAP"
"cg21765032",-0.000885478,"FAP"
"cg15248242",0.000147758,"FAP"
"cg18236745",-0.060807807,"FAP"
"cg05168141",-0.019341473,"FAP"
"cg01791906",-0.007797391,"FAP"
"cg15149625",0.003794744,"FAP"
"cg06624020",-0.005764266,"FAP"
"cg25707387",-0.023614007,"FAP"
"cg05575921",0.006205157,"FAP"
"cg00346300",-0.008713282,"FAP"
"cg02158199",0.000661779,"FAP"
"cg25833200",-0.005899719,"FAP"
"cg21431856",0.018196905,"FAP"
"cg12135286",0.000956442,"FAP"
"cg03995968",-0.008088007,"FAP"
"cg27174983",0.003685164,"FAP"
"cg13536491",0.008479851,"FAP"
"cg26888630",0.004283269,"FAP"
"cg13359031",0.026346345,"FAP"
"cg08560947",0.000544123,"FAP"
"cg08261841",0.000735726,"FAP"
"cg04145522",-0.069013005,"FAP"
