"pred.var","coef"
"cg12738197",0.02235363
"cg01576275",0.003323586
"cg17906105",0.001706687
"cg15914463",0.018985889
"cg25334660",0.021401288
"cg20875807",0.019312594
"cg04602992",0.000381883
"cg11497957",0.001444443
"cg14049634",-0.004431361
"cg20460771",-0.04616427
"cg18352710",-0.034348573
"cg26568031",-0.005342859
"cg00564524",-0.002285852
