"pred.var","coef","target"
"cg12738197",0.02235363,"GZMA"
"cg01576275",0.003323586,"GZMA"
"cg17906105",0.001706687,"GZMA"
"cg15914463",0.018985889,"GZMA"
"cg25334660",0.021401288,"GZMA"
"cg20875807",0.019312594,"GZMA"
"cg04602992",0.000381883,"GZMA"
"cg11497957",0.001444443,"GZMA"
"cg14049634",-0.004431361,"GZMA"
"cg20460771",-0.04616427,"GZMA"
"cg18352710",-0.034348573,"GZMA"
"cg26568031",-0.005342859,"GZMA"
"cg00564524",-0.002285852,"GZMA"
