"pred.var","coef","target"
"cg13511115",-0.00552218,"HCII"
"cg08322205",-0.005819881,"HCII"
"cg26124717",0.004080755,"HCII"
"cg03097336",-0.014265071,"HCII"
"cg26958486",-0.004962494,"HCII"
"cg01352468",-0.003136732,"HCII"
"cg20713898",-0.004343138,"HCII"
"cg00332680",0.003256146,"HCII"
"cg19356117",-0.019858369,"HCII"
"cg08738300",-0.000406696,"HCII"
"cg16383222",0.000972335,"HCII"
"cg12479098",0.020243785,"HCII"
"cg18650367",-0.014919387,"HCII"
"cg19486271",0.009098389,"HCII"
"cg03320005",-0.011855384,"HCII"
"cg10919522",-0.001343172,"HCII"
"cg22190437",-0.000903911,"HCII"
"cg05364567",0.005018858,"HCII"
"cg26125366",-0.007644488,"HCII"
"cg07004386",0.017249879,"HCII"
"cg25189904",-0.019874309,"HCII"
"cg10517650",0.011857402,"HCII"
"cg22678136",-0.024480291,"HCII"
"cg24003560",0.011777659,"HCII"
"cg08843623",0.012659902,"HCII"
"cg09719269",0.006684428,"HCII"
"cg23576855",-0.0025674,"HCII"
"cg21566642",-0.020033783,"HCII"
"cg26703534",-0.016856674,"HCII"
"cg01285435",0.008275474,"HCII"
"cg04503319",0.003945143,"HCII"
"cg22852840",-0.00620308,"HCII"
"cg17468855",0.000505801,"HCII"
"cg04551776",-0.00497567,"HCII"
"cg06553792",0.008507817,"HCII"
"cg26008509",0.012936226,"HCII"
"cg02442900",0.004751092,"HCII"
"cg26998078",-0.012566734,"HCII"
"cg02642891",0.003668137,"HCII"
"cg05575921",-0.048254408,"HCII"
"cg17474545",0.00394667,"HCII"
"cg08189280",0.012180112,"HCII"
"cg19859270",-0.00468765,"HCII"
"cg05516328",0.016445079,"HCII"
"cg10746224",0.01413427,"HCII"
"cg11619995",-0.002967959,"HCII"
"cg11565007",0.003460282,"HCII"
"cg20387347",0.015877038,"HCII"
"cg26703758",-0.016726556,"HCII"
"cg22348001",0.02112294,"HCII"
"cg10547527",0.011220001,"HCII"
"cg25211622",0.004524636,"HCII"
