"pred.var","coef","target"
"cg16770933",0.003499875,"HGF"
"cg13677111",0.008218837,"HGF"
"cg09809720",0.002804708,"HGF"
"cg13797425",0.000841388,"HGF"
"cg26787505",0.010170947,"HGF"
"cg20415170",0.003920741,"HGF"
"cg25645310",0.000771998,"HGF"
"cg08051310",0.003225737,"HGF"
"ch.1.171672612F",-0.002592317,"HGF"
"cg03721362",0.008553657,"HGF"
"cg10518543",-0.002551398,"HGF"
"cg09163035",-0.009888964,"HGF"
"cg16254746",0.006517767,"HGF"
"cg22590032",0.025298954,"HGF"
"cg03250220",-0.001022131,"HGF"
"cg07037944",-0.00053112,"HGF"
"cg00970325",0.001364841,"HGF"
"cg04988978",-0.009332023,"HGF"
"cg21348975",0.005813966,"HGF"
"cg03547181",0.02295597,"HGF"
"cg21128569",0.001404836,"HGF"
"cg06827038",0.001949187,"HGF"
"cg19621076",0.009405655,"HGF"
"cg27050612",-0.017118572,"HGF"
"cg04308687",0.010884547,"HGF"
"cg18748374",0.022655165,"HGF"
"cg22443762",0.001718949,"HGF"
"cg14225168",-0.033074643,"HGF"
"cg08072202",0.001847534,"HGF"
"cg17901584",-0.006052806,"HGF"
"cg01078446",-0.006872961,"HGF"
"cg13066481",-0.025527988,"HGF"
"cg19828063",-0.004624594,"HGF"
"cg06872548",0.006099496,"HGF"
"cg11198895",0.001235885,"HGF"
"cg05112224",0.007229353,"HGF"
"cg05358715",0.002459189,"HGF"
"cg06762176",0.01143125,"HGF"
"cg08825291",-0.009128042,"HGF"
"cg09607043",0.002615017,"HGF"
"cg14522441",0.041852508,"HGF"
"cg20719263",-0.009794301,"HGF"
"cg27202236",0.001638449,"HGF"
"cg02892925",0.002525728,"HGF"
"cg20059928",-0.011228699,"HGF"
"cg17835016",0.006665802,"HGF"
"cg10649130",0.011101884,"HGF"
"cg08101193",0.006059804,"HGF"
"cg07794010",0.028509865,"HGF"
"cg10987503",0.021414256,"HGF"
"cg00971034",-0.022383107,"HGF"
"cg07031070",0.007729092,"HGF"
"cg11231069",0.002744219,"HGF"
"cg10624395",0.027899313,"HGF"
"cg10195814",0.006952489,"HGF"
"cg24089263",0.007191953,"HGF"
"cg23391288",0.021504319,"HGF"
"cg21520549",-0.00645485,"HGF"
"cg12802093",-0.01234745,"HGF"
"cg05709879",-0.016202485,"HGF"
"cg05575921",-0.065055722,"HGF"
"cg13209683",-0.0111812,"HGF"
"cg18146226",0.007187111,"HGF"
"cg01502116",0.006743299,"HGF"
"cg18315708",0.007276,"HGF"
"cg03807873",-0.015833206,"HGF"
"cg14457610",-0.003723775,"HGF"
"cg25208740",0.001990173,"HGF"
"cg08625803",0.00095383,"HGF"
"cg08376310",0.013025666,"HGF"
"cg26102082",0.016928905,"HGF"
"cg11227064",0.005856615,"HGF"
