"pred.var","coef","target"
"cg22683035",0.001268429,"MIA"
"cg15739543",0.028140561,"MIA"
"cg25716740",0.003969895,"MIA"
"cg03965198",0.002276373,"MIA"
"cg16795290",0.004979784,"MIA"
"cg25675477",-0.020875859,"MIA"
"cg26717995",-0.00073287,"MIA"
"cg07611000",0.002860073,"MIA"
"cg14915749",0.005539847,"MIA"
"cg17881958",-0.003725293,"MIA"
"cg15803122",0.009176168,"MIA"
"cg11940847",-0.000564855,"MIA"
"cg18294483",-0.004994965,"MIA"
"cg25932461",0.013027903,"MIA"
"cg16430909",0.007124728,"MIA"
"cg25130238",-0.010985152,"MIA"
"cg00276792",-0.006856098,"MIA"
"cg00973309",0.004236116,"MIA"
"cg19211077",-0.0030591,"MIA"
"cg04676771",-0.011100989,"MIA"
"cg16892443",0.002745673,"MIA"
"cg27661600",-0.011699865,"MIA"
"cg10440639",0.016067273,"MIA"
"cg03329539",0.012464031,"MIA"
"cg15845821",-0.019132867,"MIA"
"cg01715551",-0.0002604,"MIA"
"cg23959976",-0.015723734,"MIA"
"cg05658236",-0.010668191,"MIA"
"cg07549924",0.043061901,"MIA"
"cg04757345",0.006308384,"MIA"
"cg19266329",0.003528828,"MIA"
"cg23510258",-0.000281264,"MIA"
"cg16969872",0.005206795,"MIA"
"cg01620164",-0.001921505,"MIA"
"cg11421073",-0.004994434,"MIA"
"cg20146909",0.088101535,"MIA"
"cg26229224",-0.011514406,"MIA"
"cg03503785",0.007571643,"MIA"
"cg19220923",-0.008207614,"MIA"
"cg03412967",-0.016818115,"MIA"
"cg15857490",0.001943671,"MIA"
"cg04551395",-0.002568268,"MIA"
"cg14594295",-0.007499026,"MIA"
"cg17252489",0.019407693,"MIA"
"cg00587890",-0.009692511,"MIA"
"cg03846107",-0.000410925,"MIA"
"cg17896965",-0.000162286,"MIA"
"cg23831876",0.016978696,"MIA"
"cg24841424",-0.012618948,"MIA"
"cg06690548",0.019049403,"MIA"
"cg18011760",-0.006710897,"MIA"
"cg26910132",0.001444112,"MIA"
"cg20156545",0.003639594,"MIA"
"cg24655087",0.005449358,"MIA"
"cg23490077",-0.00613818,"MIA"
"cg20709046",-0.003559966,"MIA"
"cg04147875",-0.000325384,"MIA"
"cg12647496",-0.006679177,"MIA"
"cg21337927",-0.008845976,"MIA"
"cg06858185",-0.003223541,"MIA"
"cg19524824",-0.007306108,"MIA"
"cg12177182",0.01991801,"MIA"
"cg17890691",0.006097625,"MIA"
"cg25515091",0.009273878,"MIA"
"cg07123890",0.005817823,"MIA"
"cg04914281",-0.016552365,"MIA"
"cg20874668",-0.001298815,"MIA"
"cg05969038",0.007628056,"MIA"
"cg01928910",0.02859012,"MIA"
