"pred.var","coef"
"cg15699874",0.002294562
"cg09662754",-0.006316542
"cg17130457",0.005405354
"cg27407935",0.002868662
"cg10636246",0.008629453
"cg17593625",0.018738531
"cg01150799",-0.014091938
"cg23189692",0.006886846
"cg26450228",0.006040444
"cg23344523",0.021033406
"cg25939371",0.002736295
"cg03268697",0.003124386
"cg01965673",-0.01044002
"cg12992827",0.005277514
"cg01176329",0.011384412
"cg01311537",0.010124699
"cg09750400",0.008995461
