"pred.var","coef","target"
"cg20113993",-0.011450129,"Myeloperoxidase"
"cg03539511",0.020474357,"Myeloperoxidase"
"cg06866597",-0.006067813,"Myeloperoxidase"
"cg05529249",0.002246831,"Myeloperoxidase"
"cg16152482",0.003084465,"Myeloperoxidase"
"cg01829024",-0.007781076,"Myeloperoxidase"
"cg24457521",0.003709383,"Myeloperoxidase"
"cg05082708",-0.014215874,"Myeloperoxidase"
"cg21121843",0.023005609,"Myeloperoxidase"
"cg11020853",-0.023745318,"Myeloperoxidase"
"cg07414492",0.007974463,"Myeloperoxidase"
"cg14086364",-0.004702334,"Myeloperoxidase"
"cg12622242",0.002046152,"Myeloperoxidase"
"cg16520357",-0.008650305,"Myeloperoxidase"
"cg10690747",0.026405575,"Myeloperoxidase"
"cg00288844",-0.040945265,"Myeloperoxidase"
"cg00920892",0.024066443,"Myeloperoxidase"
"cg20777437",-0.001133134,"Myeloperoxidase"
"cg15390444",-0.012400394,"Myeloperoxidase"
"cg07726287",-0.001994837,"Myeloperoxidase"
"cg01912040",-0.001455741,"Myeloperoxidase"
"cg19779057",0.000360442,"Myeloperoxidase"
"cg09443484",0.002103898,"Myeloperoxidase"
"cg10759293",-0.007834924,"Myeloperoxidase"
"cg06387622",-0.012425341,"Myeloperoxidase"
"cg02304156",0.002983534,"Myeloperoxidase"
"cg19251719",0.001995339,"Myeloperoxidase"
"cg26176348",0.002324551,"Myeloperoxidase"
"cg14898177",0.002138068,"Myeloperoxidase"
"cg10159032",-0.000231425,"Myeloperoxidase"
"cg20355735",0.000851287,"Myeloperoxidase"
"cg04202736",-0.008500269,"Myeloperoxidase"
"cg11010909",0.010563597,"Myeloperoxidase"
"cg14784944",0.00391152,"Myeloperoxidase"
"cg25447872",0.009346092,"Myeloperoxidase"
