"pred.var","coef","target"
"cg10460470",-0.012489074,"N.CDase"
"cg16857610",-0.012063061,"N.CDase"
"cg14733855",0.015908917,"N.CDase"
"cg26855208",0.015952642,"N.CDase"
"cg10706389",-0.001338752,"N.CDase"
"cg08981702",0.00059898,"N.CDase"
"cg03429569",0.007593962,"N.CDase"
"cg08360771",0.015608811,"N.CDase"
"cg03032497",-0.010305709,"N.CDase"
"cg25651505",-0.028953221,"N.CDase"
"cg03244277",0.005451018,"N.CDase"
"cg24147543",0.000826416,"N.CDase"
"cg01358993",0.008135765,"N.CDase"
"cg04207142",-0.004793286,"N.CDase"
"cg14836555",0.016786984,"N.CDase"
"cg08325929",0.024116362,"N.CDase"
"cg19045239",0.004109258,"N.CDase"
"cg00184732",0.018329218,"N.CDase"
"cg10304824",0.028756208,"N.CDase"
"cg01997599",0.002394251,"N.CDase"
"cg08151370",0.004518957,"N.CDase"
"cg01256260",0.027530128,"N.CDase"
"cg08230268",0.003037606,"N.CDase"
"cg16696476",0.009093006,"N.CDase"
"cg00169354",-0.010306648,"N.CDase"
"cg03607951",0.01229499,"N.CDase"
"cg09123721",-0.00065877,"N.CDase"
"cg06500161",0.006976374,"N.CDase"
"cg14574843",-0.008777478,"N.CDase"
"cg02872767",0.010502809,"N.CDase"
"cg16435686",-0.120908679,"N.CDase"
"cg18438850",-0.010631917,"N.CDase"
"cg26498247",-0.004490831,"N.CDase"
"cg17638213",0.000672334,"N.CDase"
"cg22850451",0.003563805,"N.CDase"
"cg03403093",0.017045724,"N.CDase"
"cg19750657",0.000425577,"N.CDase"
"cg09744397",0.006531842,"N.CDase"
"cg02828514",-0.025596345,"N.CDase"
"cg21865751",0.003170766,"N.CDase"
"cg02021641",0.000455441,"N.CDase"
"cg26852894",-0.009372688,"N.CDase"
"cg05595088",0.036698936,"N.CDase"
"cg22645355",0.128602126,"N.CDase"
"cg13941982",0.011464681,"N.CDase"
"cg08977014",0.000213123,"N.CDase"
"cg18160150",-0.01643547,"N.CDase"
"cg24545602",-0.0218968,"N.CDase"
"cg09792343",-0.010351451,"N.CDase"
"cg03510477",0.005936408,"N.CDase"
