"pred.var","coef","target"
"cg22101147",0.009642739,"NEP"
"cg22339091",0.00226404,"NEP"
"cg13599477",0.005320992,"NEP"
"cg08288561",0.004710447,"NEP"
"cg00238213",0.007944396,"NEP"
"cg26955383",0.004063024,"NEP"
"cg14753432",-0.001783576,"NEP"
"cg04987734",0.003113175,"NEP"
"cg12103569",0.009684816,"NEP"
"cg10284440",0.013598176,"NEP"
"cg18404041",-0.03091316,"NEP"
"cg22940798",-0.028562793,"NEP"
"cg26663590",0.034314812,"NEP"
"cg20556803",0.008796099,"NEP"
"cg13150925",0.024964396,"NEP"
"cg19404184",-0.00423327,"NEP"
"cg20735041",-0.002297768,"NEP"
"cg05393861",-0.029939619,"NEP"
"cg17343451",0.031977969,"NEP"
"cg24101283",0.03422035,"NEP"
"cg11645453",0.066051328,"NEP"
"cg26034658",0.002263163,"NEP"
"cg27243685",0.026245518,"NEP"
"cg06690548",-0.106497413,"NEP"
"cg26688212",-0.005863886,"NEP"
"cg19548470",-0.000289207,"NEP"
"cg24204878",-0.00584111,"NEP"
"cg16035267",-0.009949193,"NEP"
"cg01301319",-0.001101207,"NEP"
"cg00783409",-0.012549063,"NEP"
"cg07066815",-0.012896192,"NEP"
"cg02720725",0.003505656,"NEP"
"cg23635663",-0.008842838,"NEP"
"cg01369228",-0.000209168,"NEP"
