"pred.var","coef","target"
"cg23159296",-0.001529672,"NOTCH1"
"cg14040358",-0.003822796,"NOTCH1"
"cg25560333",-0.000226783,"NOTCH1"
"cg04199473",0.002349049,"NOTCH1"
"cg11614389",-0.017170722,"NOTCH1"
"cg11007423",0.008406043,"NOTCH1"
"cg12039664",-0.005487575,"NOTCH1"
"cg21368354",-0.003011732,"NOTCH1"
"cg08129449",0.010421625,"NOTCH1"
"cg20388732",0.02299988,"NOTCH1"
"cg03725309",0.020986585,"NOTCH1"
"cg02711608",0.001079231,"NOTCH1"
"cg07573985",0.009624097,"NOTCH1"
"cg09349128",0.025380754,"NOTCH1"
"cg27012920",0.009608203,"NOTCH1"
"cg20451986",-0.006324018,"NOTCH1"
"cg03484180",0.012688266,"NOTCH1"
"cg14598846",0.015421858,"NOTCH1"
"cg10768063",-0.009977104,"NOTCH1"
"cg14476101",0.011029959,"NOTCH1"
"cg08884591",0.001695176,"NOTCH1"
"cg27241845",0.003054322,"NOTCH1"
"cg17501210",0.014869371,"NOTCH1"
"cg22255435",-0.013307201,"NOTCH1"
"cg06690548",0.030503418,"NOTCH1"
"cg02474625",0.010922567,"NOTCH1"
"cg08144237",0.023721299,"NOTCH1"
"cg23523711",-0.003984322,"NOTCH1"
"cg02347652",-0.007122866,"NOTCH1"
"cg20070852",-0.009238067,"NOTCH1"
"cg05425936",-0.000850137,"NOTCH1"
"cg17173816",-0.005360381,"NOTCH1"
"cg24883607",0.00326865,"NOTCH1"
