"pred.var","coef"
"cg23159296",-0.001529672
"cg14040358",-0.003822796
"cg25560333",-0.000226783
"cg04199473",0.002349049
"cg11614389",-0.017170722
"cg11007423",0.008406043
"cg12039664",-0.005487575
"cg21368354",-0.003011732
"cg08129449",0.010421625
"cg20388732",0.02299988
"cg03725309",0.020986585
"cg02711608",0.001079231
"cg07573985",0.009624097
"cg09349128",0.025380754
"cg27012920",0.009608203
"cg20451986",-0.006324018
"cg03484180",0.012688266
"cg14598846",0.015421858
"cg10768063",-0.009977104
"cg14476101",0.011029959
"cg08884591",0.001695176
"cg27241845",0.003054322
"cg17501210",0.014869371
"cg22255435",-0.013307201
"cg06690548",0.030503418
"cg02474625",0.010922567
"cg08144237",0.023721299
"cg23523711",-0.003984322
"cg02347652",-0.007122866
"cg20070852",-0.009238067
"cg05425936",-0.000850137
"cg17173816",-0.005360381
"cg24883607",0.00326865
