"pred.var","coef","target"
"cg25954729",0.048607031,"SKR3"
"cg09746170",0.012602445,"SKR3"
"cg13788820",0.012468239,"SKR3"
"cg00093890",0.008667421,"SKR3"
"cg06709828",-0.026514215,"SKR3"
"cg02270541",0.014821277,"SKR3"
"cg18912855",-0.007254931,"SKR3"
"cg00035969",0.016091269,"SKR3"
"cg07883622",-0.006551784,"SKR3"
"cg00579292",-0.002910136,"SKR3"
"cg02271560",-0.017661144,"SKR3"
"cg10508317",-0.000322902,"SKR3"
"cg15792653",-0.000443784,"SKR3"
"cg01631319",-0.019081789,"SKR3"
"cg21370522",0.034946744,"SKR3"
"cg23195373",0.054109868,"SKR3"
"cg05928806",0.002264131,"SKR3"
"cg11007426",0.002272555,"SKR3"
"cg09470274",0.006114484,"SKR3"
"cg06743552",0.000811699,"SKR3"
"cg03329539",-0.029706912,"SKR3"
"cg04411541",0.004009378,"SKR3"
"cg11370064",0.00404854,"SKR3"
"cg22980293",3.8e-05,"SKR3"
"cg22481405",0.01581297,"SKR3"
"cg24707889",0.041052911,"SKR3"
"cg18788940",-0.001840798,"SKR3"
"cg01324343",-0.003355096,"SKR3"
"cg18394552",0.012115813,"SKR3"
"cg25542654",0.005855529,"SKR3"
"cg02486520",0.013375564,"SKR3"
"cg03736201",0.019288934,"SKR3"
"cg12014753",-0.007540129,"SKR3"
"cg04340729",0.002337925,"SKR3"
"cg18757405",0.012622871,"SKR3"
"cg22716280",0.032147198,"SKR3"
"cg04017512",-0.002182292,"SKR3"
"cg07306755",0.001617236,"SKR3"
"cg12458003",0.008406573,"SKR3"
"cg16087940",0.004555448,"SKR3"
"cg13215593",-0.000392083,"SKR3"
"cg22109623",0.0021298,"SKR3"
"cg25120405",0.004465267,"SKR3"
"cg02625638",0.00218392,"SKR3"
"cg03793951",0.002957882,"SKR3"
"cg17944885",0.009300629,"SKR3"
"cg19084127",0.011030032,"SKR3"
"cg17556421",0.001382235,"SKR3"
"cg18594963",0.009928565,"SKR3"
"cg00628375",0.007026035,"SKR3"
"cg20026576",-0.008367192,"SKR3"
"cg18429235",0.003705312,"SKR3"
"cg06076512",0.009356283,"SKR3"
"cg14126733",0.001220611,"SKR3"
"cg15922705",0.012112716,"SKR3"
"cg26979974",-0.009068434,"SKR3"
"cg09388160",0.009887394,"SKR3"
"cg08600218",0.0039867,"SKR3"
"cg06197024",0.006605246,"SKR3"
"cg23352245",0.02041639,"SKR3"
"cg05575921",-0.082816444,"SKR3"
"cg23929609",0.005830759,"SKR3"
"cg26002437",-0.007617252,"SKR3"
"cg03899412",0.005754597,"SKR3"
"cg03269363",0.003482938,"SKR3"
"cg07704990",0.008142603,"SKR3"
"cg05593726",0.00998054,"SKR3"
"cg11109027",0.010376593,"SKR3"
