"pred.var","coef","target"
"cg13963446",0.017341076,"Trypsin-2"
"cg01267315",-1.44e-06,"Trypsin-2"
"cg05687210",-0.005777469,"Trypsin-2"
"cg27277403",0.002447482,"Trypsin-2"
"cg25983677",-0.005234397,"Trypsin-2"
"cg26657240",-0.01308806,"Trypsin-2"
"cg10537708",0.001551723,"Trypsin-2"
"cg18649319",-0.000143516,"Trypsin-2"
"cg07284407",-0.010277415,"Trypsin-2"
"cg05541096",0.006934117,"Trypsin-2"
"cg06500161",0.002277442,"Trypsin-2"
"cg25274157",-0.021822683,"Trypsin-2"
"cg25998745",-0.009889712,"Trypsin-2"
"cg18059464",-0.000912868,"Trypsin-2"
"cg00508575",0.014176703,"Trypsin-2"
"cg17432857",0.002693533,"Trypsin-2"
"cg03497652",0.005037323,"Trypsin-2"
"cg00908828",-0.01041041,"Trypsin-2"
"cg05695762",-0.011627577,"Trypsin-2"
"cg23375717",-0.001140732,"Trypsin-2"
"cg07745344",0.021091955,"Trypsin-2"
"cg12627726",0.01234121,"Trypsin-2"
"cg06690548",-0.120806961,"Trypsin-2"
"cg00496026",0.001403901,"Trypsin-2"
"cg01024792",-0.004955467,"Trypsin-2"
