"pred.var","coef","target"
"cg00257786",-0.000863475,"WFIKKN2"
"cg06079273",-0.011521721,"WFIKKN2"
"cg08592530",0.005915565,"WFIKKN2"
"cg10913456",-0.008400608,"WFIKKN2"
"cg23118464",0.001696159,"WFIKKN2"
"cg12359279",8.83e-06,"WFIKKN2"
"cg07860918",-0.023433599,"WFIKKN2"
"cg23083894",-0.007122644,"WFIKKN2"
"cg00574958",0.035083186,"WFIKKN2"
"cg01881899",-0.004520701,"WFIKKN2"
"cg21148362",0.005893912,"WFIKKN2"
"cg23480341",0.001457342,"WFIKKN2"
"cg11580704",-0.005586187,"WFIKKN2"
"cg14968300",-0.004421939,"WFIKKN2"
"cg26789064",-0.00901386,"WFIKKN2"
"cg21789008",0.003350011,"WFIKKN2"
"cg05925497",-0.038271815,"WFIKKN2"
"cg26403843",-0.008903076,"WFIKKN2"
"cg27537570",-0.004867286,"WFIKKN2"
"cg07504977",-0.04173394,"WFIKKN2"
"cg17378803",0.02461656,"WFIKKN2"
"cg13787850",0.032744677,"WFIKKN2"
"cg11945929",-0.037110571,"WFIKKN2"
"cg12954512",-0.000901094,"WFIKKN2"
"cg22871318",0.008158092,"WFIKKN2"
"cg18810310",0.031845447,"WFIKKN2"
"cg16677448",0.004676223,"WFIKKN2"
"cg21225804",0.007493187,"WFIKKN2"
"cg00310412",0.041010969,"WFIKKN2"
"cg08979515",0.005143152,"WFIKKN2"
"cg01347957",0.002246436,"WFIKKN2"
"cg12494515",0.007945743,"WFIKKN2"
"cg19341656",0.016398784,"WFIKKN2"
"cg18182981",-0.017335668,"WFIKKN2"
"cg05232694",0.014108921,"WFIKKN2"
"cg04757345",0.003740819,"WFIKKN2"
"cg02402368",0.00586158,"WFIKKN2"
"cg13388277",0.008542675,"WFIKKN2"
"cg21566642",0.019507868,"WFIKKN2"
"cg04865290",-0.000512332,"WFIKKN2"
"cg15711987",0.014722814,"WFIKKN2"
"cg06957790",0.007994674,"WFIKKN2"
"cg18858739",-0.014238545,"WFIKKN2"
"cg03172931",-0.021939949,"WFIKKN2"
"cg02638348",0.002467169,"WFIKKN2"
"cg24355809",-0.010183442,"WFIKKN2"
"cg17287605",0.008321448,"WFIKKN2"
"cg03046611",0.000138515,"WFIKKN2"
"cg07464859",0.000166565,"WFIKKN2"
"cg15742515",-0.008967188,"WFIKKN2"
"cg16316183",-0.005067284,"WFIKKN2"
"cg04747996",-0.000328576,"WFIKKN2"
"cg02204618",0.006603705,"WFIKKN2"
"cg10157558",-0.004798693,"WFIKKN2"
"cg12213687",-0.001784679,"WFIKKN2"
"cg09430882",-0.003242184,"WFIKKN2"
"cg26420469",0.000713664,"WFIKKN2"
"cg12734820",-0.006748475,"WFIKKN2"
"cg05575921",0.017970932,"WFIKKN2"
"cg07711036",0.002279111,"WFIKKN2"
"cg23840866",-0.000568975,"WFIKKN2"
"cg07829265",0.018186135,"WFIKKN2"
"cg25630265",-0.002353493,"WFIKKN2"
"cg21868353",-0.014049796,"WFIKKN2"
"cg20670488",0.008426379,"WFIKKN2"
"cg02064366",-0.002864161,"WFIKKN2"
